{
  "version": 1,
  "author": "Anonymous maker",
  "editor": "wokwi",
  "parts": [
    { "type": "wokwi-breadboard-half", "id": "bb1", "top": -31.8, "left": -74, "attrs": {} },
    { "type": "wokwi-arduino-uno", "id": "uno", "top": 231, "left": -39, "attrs": {} },
    { "type": "wokwi-hc-sr04", "id": "ultrasonic1", "top": 11.1, "left": -61.7, "attrs": {} },
    {
      "type": "wokwi-led",
      "id": "led1",
      "top": 54,
      "left": 109.4,
      "attrs": { "color": "limegreen" }
    },
    {
      "type": "wokwi-led",
      "id": "led2",
      "top": 54,
      "left": 138.2,
      "attrs": { "color": "yellow" }
    },
    { "type": "wokwi-led", "id": "led3", "top": 54, "left": 167, "attrs": { "color": "red" } },
    {
      "type": "wokwi-resistor",
      "id": "r1",
      "top": 129.6,
      "left": 105.05,
      "rotate": 90,
      "attrs": { "value": "220" }
    },
    {
      "type": "wokwi-resistor",
      "id": "r2",
      "top": 129.6,
      "left": 133.85,
      "rotate": 90,
      "attrs": { "value": "220" }
    },
    {
      "type": "wokwi-resistor",
      "id": "r3",
      "top": 129.6,
      "left": 162.65,
      "rotate": 90,
      "attrs": { "value": "220" }
    }
  ],
  "connections": [
    [ "uno:5V", "bb1:bp.1", "red", [ "v19.1", "h-169", "v-288" ] ],
    [ "bb1:bn.1", "uno:GND.1", "black", [ "v56.3", "h116.8" ] ],
    [ "bb1:7b.j", "bb1:bp.5", "red", [ "v28.8", "h-9.6" ] ],
    [ "bb1:8b.i", "uno:7", "purple", [ "v96", "h9.6" ] ],
    [ "uno:8", "bb1:9b.i", "green", [ "v-67.2", "h-105.2" ] ],
    [ "bb1:10b.j", "bb1:bn.8", "black", [ "v0" ] ],
    [ "bb1:19b.j", "uno:6", "limegreen", [ "v48", "h34.7" ] ],
    [ "bb1:22b.j", "uno:5", "yellow", [ "v48", "h15.4" ] ],
    [ "bb1:25b.j", "uno:4", "red", [ "v0" ] ],
    [ "led1:A", "bb1:20b.g", "", [ "$bb" ] ],
    [ "led1:C", "bb1:19b.g", "", [ "$bb" ] ],
    [ "led2:A", "bb1:23b.g", "", [ "$bb" ] ],
    [ "led2:C", "bb1:22b.g", "", [ "$bb" ] ],
    [ "led3:A", "bb1:26b.g", "", [ "$bb" ] ],
    [ "led3:C", "bb1:25b.g", "", [ "$bb" ] ],
    [ "r1:1", "bb1:20b.h", "", [ "$bb" ] ],
    [ "r1:2", "bb1:bn.16", "", [ "$bb" ] ],
    [ "r2:1", "bb1:23b.h", "", [ "$bb" ] ],
    [ "r2:2", "bb1:bn.19", "", [ "$bb" ] ],
    [ "ultrasonic1:VCC", "bb1:7b.h", "", [ "$bb" ] ],
    [ "ultrasonic1:TRIG", "bb1:8b.h", "", [ "$bb" ] ],
    [ "ultrasonic1:ECHO", "bb1:9b.h", "", [ "$bb" ] ],
    [ "ultrasonic1:GND", "bb1:10b.h", "", [ "$bb" ] ],
    [ "r3:1", "bb1:26b.h", "", [ "$bb" ] ],
    [ "r3:2", "bb1:bn.21", "", [ "$bb" ] ]
  ],
  "dependencies": {}
}