{
  "version": 1,
  "author": "Anonymous maker",
  "editor": "wokwi",
  "parts": [
    { "type": "wokwi-breadboard-half", "id": "bb1", "top": -281.4, "left": -35.6, "attrs": {} },
    { "type": "wokwi-arduino-uno", "id": "uno", "top": 0, "left": 0, "attrs": {} },
    { "type": "wokwi-dht22", "id": "dht1", "top": -258.9, "left": 23.4, "attrs": {} },
    {
      "type": "wokwi-led",
      "id": "led1",
      "top": -195.6,
      "left": 99.8,
      "attrs": { "color": "red" }
    },
    {
      "type": "wokwi-led",
      "id": "led2",
      "top": -195.6,
      "left": 128.6,
      "attrs": { "color": "yellow" }
    },
    {
      "type": "wokwi-led",
      "id": "led3",
      "top": -195.6,
      "left": 157.4,
      "attrs": { "color": "limegreen" }
    },
    {
      "type": "wokwi-resistor",
      "id": "r1",
      "top": -120,
      "left": 85.85,
      "rotate": 90,
      "attrs": { "value": "220" }
    },
    {
      "type": "wokwi-resistor",
      "id": "r2",
      "top": -120,
      "left": 114.65,
      "rotate": 90,
      "attrs": { "value": "220" }
    },
    {
      "type": "wokwi-resistor",
      "id": "r3",
      "top": -120,
      "left": 143.45,
      "rotate": 90,
      "attrs": { "value": "220" }
    }
  ],
  "connections": [
    [ "uno:5V", "bb1:bp.1", "red", [ "v29.3", "h-236.8", "v-316.8" ] ],
    [ "uno:GND.2", "bb1:bn.1", "black", [ "v38.9", "h-217.5", "v-316.8" ] ],
    [ "uno:2", "bb1:7b.i", "blue", [ "v-76.2", "h-188.5" ] ],
    [ "bb1:bp.5", "bb1:6b.j", "red", [ "v0" ] ],
    [ "bb1:9b.j", "bb1:bn.7", "black", [ "v38.4" ] ],
    [ "dht1:VCC", "bb1:6b.h", "", [ "$bb" ] ],
    [ "dht1:SDA", "bb1:7b.h", "", [ "$bb" ] ],
    [ "dht1:NC", "bb1:8b.h", "", [ "$bb" ] ],
    [ "dht1:GND", "bb1:9b.h", "", [ "$bb" ] ],
    [ "led1:A", "bb1:15b.g", "", [ "$bb" ] ],
    [ "led1:C", "bb1:14b.g", "", [ "$bb" ] ],
    [ "bb1:15b.h", "uno:12", "red", [ "v0" ] ],
    [ "bb1:18b.h", "uno:11", "gold", [ "v0" ] ],
    [ "bb1:21b.h", "uno:10", "limegreen", [ "v0" ] ],
    [ "led2:A", "bb1:18b.g", "", [ "$bb" ] ],
    [ "led2:C", "bb1:17b.g", "", [ "$bb" ] ],
    [ "led3:A", "bb1:21b.g", "", [ "$bb" ] ],
    [ "led3:C", "bb1:20b.g", "", [ "$bb" ] ],
    [ "r1:1", "bb1:14b.h", "", [ "$bb" ] ],
    [ "r1:2", "bb1:bn.11", "", [ "$bb" ] ],
    [ "r2:1", "bb1:17b.h", "", [ "$bb" ] ],
    [ "r2:2", "bb1:bn.14", "", [ "$bb" ] ],
    [ "r3:1", "bb1:20b.h", "", [ "$bb" ] ],
    [ "r3:2", "bb1:bn.16", "", [ "$bb" ] ]
  ],
  "dependencies": {}
}